Species,Season,NPP_gC_m2_d,sd_NPP_gC_m2_d,Export_gC_m2_d,sd_Export_gC_m2_d,Leaf_fall_gC_m2_d,sd_Leaf_fall_gC_m2_d
Zostera marina,Spring,0.947914335,0.894140923,0.228418846,0.131123457,0.1544,0.0759
Zostera marina,Summer,1.625624321,0.871604666,0.505956136,1.201285337,1.3607,0.3614
Zostera marina,Fall,0.418450105,0.158053264,0.660155079,0.383258603,0.9647,0.6339
Zostera marina,Winter,0.126171525,0.076510789,0.106247875,0.067477767,0.1525,0.0453
